[
  {
    "title": "Logo Moderna Tech Startup",
    "category": "Identidade Visual",
    "imageUrl": "https://images.unsplash.com/photo-1626785774625-ddcddc3445e9?w=800&h=800&fit=crop",
    "description": "Identidade visual completa para startup de tecnologia",
    "client": "TechVision",
    "order": 1
  },
  {
    "title": "Branding Café Artesanal",
    "category": "Identidade Visual",
    "imageUrl": "https://images.unsplash.com/photo-1561070791-2526d30994b5?w=800&h=800&fit=crop",
    "description": "Logo e materiais gráficos para cafeteria premium",
    "client": "Café Aromas",
    "order": 2
  },
  {
    "title": "Post Instagram Promoção",
    "category": "Social Media",
    "imageUrl": "https://images.unsplash.com/photo-1611162617474-5b21e879e113?w=800&h=800&fit=crop",
    "description": "Arte promocional para redes sociais",
    "client": "Loja Fashion",
    "order": 3
  },
  {
    "title": "Feed Instagram Harmonizado",
    "category": "Social Media",
    "imageUrl": "https://images.unsplash.com/photo-1611926653458-09294b3142bf?w=800&h=800&fit=crop",
    "description": "Grid completo para Instagram com identidade visual",
    "client": "Beauty Studio",
    "order": 4
  },
  {
    "title": "Mascote 3D Personagem",
    "category": "3D",
    "imageUrl": "https://images.unsplash.com/photo-1633613286991-611fe299c4be?w=800&h=800&fit=crop",
    "description": "Modelagem 3D de mascote corporativo",
    "client": "Kids Club",
    "order": 5
  },
  {
    "title": "Produto 3D Render",
    "category": "3D",
    "imageUrl": "https://images.unsplash.com/photo-1618005182384-a83a8bd57fbe?w=800&h=800&fit=crop",
    "description": "Renderização 3D para catálogo de produtos",
    "client": "Design Store",
    "order": 6
  },
  {
    "title": "Landing Page Moderna",
    "category": "Web/App",
    "imageUrl": "https://images.unsplash.com/photo-1547658718-1cdaa0852790?w=800&h=800&fit=crop",
    "description": "Design de landing page responsiva e moderna",
    "client": "SaaS Company",
    "order": 7
  },
  {
    "title": "Interface App Mobile",
    "category": "Web/App",
    "imageUrl": "https://images.unsplash.com/photo-1512941937669-90a1b58e7e9c?w=800&h=800&fit=crop",
    "description": "UI/UX design para aplicativo mobile",
    "client": "Fitness App",
    "order": 8
  },
  {
    "title": "Cartão de Visita Premium",
    "category": "Identidade Visual",
    "imageUrl": "https://images.unsplash.com/photo-1589939705384-5185137a7f0f?w=800&h=800&fit=crop",
    "description": "Cartão de visita elegante e profissional",
    "client": "Advocacia Silva",
    "order": 9
  },
  {
    "title": "Banner Evento Corporativo",
    "category": "Social Media",
    "imageUrl": "https://images.unsplash.com/photo-1542744173-8e7e53415bb0?w=800&h=800&fit=crop",
    "description": "Arte para divulgação de evento empresarial",
    "client": "CongressTech 2025",
    "order": 10
  },
  {
    "title": "Embalagem Produto",
    "category": "Identidade Visual",
    "imageUrl": "https://images.unsplash.com/photo-1612528443702-f6741f70a049?w=800&h=800&fit=crop",
    "description": "Design de embalagem para linha de produtos",
    "client": "Organic Foods",
    "order": 11
  },
  {
    "title": "Stories Animados",
    "category": "Social Media",
    "imageUrl": "https://images.unsplash.com/photo-1611162616305-c69b3fa7fbe0?w=800&h=800&fit=crop",
    "description": "Template de stories para Instagram",
    "client": "Influencer Digital",
    "order": 12
  }
]
